주문 식별자,상품명,사이즈,수량
1,데님 Classic Slip-on 클래식 슬립온,230,1
2,유키 패딩 퍼 슬립온_B2228,230,1
3,데님 Classic Slip-on 클래식 슬립온,230,1
3,솔트 워시 MTE Slip-on 슬립온 리이슈 98,240,1
4,솔트 워시 MTE Slip-on 슬립온 리이슈 98,240,1
5,아디다스 핸드볼 스페지알 W IF6562,240,1
6,아디다스 핸드볼 스페지알 W IF6562,240,1
7,유키 패딩 퍼 슬립온_B2228,250,1
8,스케이트 Slip-on 슬립온,240,1
9,아디다스 핸드볼 스페지알 W IF6562,230,1
10,아디다스 핸드볼 스페지알 W IF6562,230,1
11,유키 패딩 퍼 슬립온_B2228,240,2
12,레더 Classic Slip-on 클래식 슬립온,250,1
13,레더 Classic Slip-on 클래식 슬립온,240,1
14,라미라 소가죽 스쿼드 미들 바이크 워커 3.5cm,230,1
15,데님 Classic Slip-on 클래식 슬립온,240,2
16,라미라 소가죽 스쿼드 미들 바이크 워커 3.5cm,240,1
17,라미라 소가죽 스쿼드 미들 바이크 워커 3.5cm,240,1
17,데님 Classic Slip-on 클래식 슬립온,250,1
18,데님 Classic Slip-on 클래식 슬립온,250,1
19,라미라 소가죽 스쿼드 미들 바이크 워커 3.5cm,230,1
20,데님 Classic Slip-on 클래식 슬립온,240,1
21,비드 소매포인트 패딩 점퍼,FREE,1
22,레더 Classic Slip-on 클래식 슬립온,250,1
23,라미라 소가죽 스쿼드 미들 바이크 워커 3.5cm,250,1
24,아디다스 핸드볼 스페지알 W IF6562,250,1
25,라미라 소가죽 스쿼드 미들 바이크 워커 3.5cm,250,1
26,라미라 소가죽 스쿼드 미들 바이크 워커 3.5cm,250,1
27,아디다스 핸드볼 스페지알 W IF6562,250,1
27,라미라 소가죽 스쿼드 미들 바이크 워커 3.5cm,230,1
27,비드 소매포인트 패딩 점퍼,FREE,1
28,아디다스 핸드볼 스페지알 W IF6562,230,1
